{"cameraMode":{"drawMode":0,"name":"Shaded","section":"Shading Mode"},"sceneLighting":true,"audioPlay":false,"sceneViewState":{"showFog":true,"showMaterialUpdate":false,"showSkybox":true,"showFlares":true,"showImageEffects":true,"showParticleSystems":true},"in2DMode":false,"pivot":{"x":1120.287109375,"y":590.364501953125,"z":-112.33980560302735},"rotation":{"x":0.02880752831697464,"y":-0.005691991187632084,"z":0.00011425515549490228,"w":0.9996263980865479},"size":650.38671875,"orthographic":false}