{"cameraMode":{"drawMode":0,"name":"Shaded","section":"Shading Mode"},"sceneLighting":false,"audioPlay":false,"sceneViewState":{"showFog":true,"showMaterialUpdate":false,"showSkybox":false,"showFlares":true,"showImageEffects":true,"showParticleSystems":true},"in2DMode":false,"pivot":{"x":12.693236351013184,"y":5.7301554679870609,"z":21.916568756103517},"rotation":{"x":0.31279295682907107,"y":0.1811787486076355,"z":-0.06087462231516838,"w":0.9304178357124329},"size":0.9421565532684326,"orthographic":false}